"Shop_name","Total_area","Stockroom_area","Secondary_area","Sales_area","Shop_window_area","Demolition_cost","Facilities_cost","Internal_walls_cost","Carpentry_cost","Facade_cost","Finishes_cost","Furniture_cost","Total_cost","Annual_sales"
"Shop1",521,93,34,394,135,11913,164787,33277,98512,162034,29527,137861,671188,1257317
"Shop2",618,107,40,471,115,16232,185509,36102,117848,138253,35291,164838,730175,1217588
"Shop3",570,110,37,423,133,13153,255284,33797,105747,159891,31687,148008,781364,1463837
"Shop4",564,101,38,425,144,13768,245322,36635,106304,172510,31852,148714,791740,1091966
"Shop5",665,111,47,507,135,16487,212518,33371,126812,162019,38001,177315,799894,1521510
"Shop6",619,116,44,459,115,13640,220361,34381,114834,138212,34446,160580,750835,1408438
"Shop7",514,92,35,387,98,14131,181644,32062,96845,117496,29038,135544,638822,985775
"Shop8",639,112,46,481,225,16673,240854,37115,120255,270118,36102,168264,926496,1263919
"Shop9",558,103,41,414,90,15398,297884,34380,103598,107938,31072,144962,769612,1093716
"Shop10",688,130,46,512,232,15812,251908,35855,127933,278465,38422,179262,963512,1477660
"Shop11",645,122,43,480,175,14751,219574,40191,119944,209889,35961,167991,848492,1405426
"Shop12",562,107,41,414,144,14783,268835,30765,103464,172558,31062,144796,797028,1434650
"Shop13",577,111,38,428,95,14236,288877,30978,106969,113821,32070,149831,767760,1214978
"Shop14",593,110,40,443,84,14042,195595,31350,110834,100531,33217,155054,671973,1507677
"Shop15",577,101,41,435,152,13814,281013,32284,108834,182257,32625,152351,835462,1169791
"Shop16",563,98,38,427,126,14120,235256,29255,106764,151449,32024,149320,747443,1394250
"Shop17",602,111,43,448,110,13735,224624,31442,111940,131951,33636,156688,735458,1271085
"Shop18",638,105,42,491,150,17117,289126,37869,122826,180093,36848,171952,893700,1477423
"Shop19",547,90,40,417,102,12980,257019,35027,104232,122658,31292,146086,744321,1070086
"Shop20",536,95,36,405,96,14979,175595,28236,101219,115122,30341,141838,635566,1015947
"Shop21",668,126,49,493,243,18068,298418,37851,123159,291309,36978,172614,1016248,1520953
"Shop22",578,96,42,440,80,13905,166837,34160,109900,95814,33022,153865,641663,1138718
"Shop23",505,86,34,385,65,12423,244079,32979,96266,77896,28835,134892,660349,1291812
"Shop24",587,98,38,451,100,14521,274384,31032,112741,119905,33833,157768,775216,1314501
"Shop25",610,111,39,460,176,16599,188821,32877,114906,211313,34488,160973,792854,1286224
"Shop26",628,112,44,472,96,13846,260156,30978,117940,115491,35410,165299,770098,1351009
"Shop27",615,113,40,462,207,14074,319367,29705,115483,248180,34649,161675,952838,1553522
"Shop28",681,132,46,503,168,18863,328378,41769,125823,201624,37685,175933,971844,1691186
"Shop29",569,108,38,423,133,14533,292519,28393,105751,159596,31742,147907,808834,1291755
"Shop30",541,103,35,403,80,14198,215237,34181,100656,95832,30219,141130,665634,1357857
"Shop31",559,95,40,424,126,14079,298524,30833,106089,151299,31784,148469,811910,1317100
"Shop32",610,117,45,448,110,13518,256472,29440,111939,132208,33613,156741,763371,1509595
"Shop33",452,78,31,343,63,11073,179236,30085,85761,75728,25746,120075,557789,971363
"Shop34",579,98,38,443,180,14358,177859,34645,110801,215745,33210,155088,776351,1228241
"Shop35",647,116,44,487,125,16255,319135,39473,121712,150286,36517,170511,893362,1507793
"Shop36",529,99,39,391,75,15183,228784,28732,97747,90010,29364,136959,655511,1369281
"Shop37",459,83,30,346,70,11414,226318,22965,86471,84039,25965,121133,601270,1147766
"Shop38",574,103,39,432,114,15680,231901,35411,107987,136700,32432,151347,746869,1315103
"Shop39",619,105,44,470,161,15195,302650,36261,117473,192909,35267,164471,900487,1311340
"Shop40",575,111,42,422,114,13601,188826,32450,105491,136616,31647,147604,688685,1369465
"Shop41",591,110,41,440,168,15021,187802,37604,110078,201341,32995,154134,776579,1353571
"Shop42",641,106,42,493,125,17228,220306,36825,123253,150236,36995,172587,794255,1423547
"Shop43",580,109,41,430,140,12557,177865,29102,107504,168127,32260,150594,707111,1246087
"Shop44",638,110,44,484,175,14536,180877,39546,121009,209925,36272,169403,811114,1434383
"Shop45",627,108,46,473,144,14708,179454,35964,118311,172735,35494,165628,758258,1457380
"Shop46",617,119,40,458,115,15402,190838,36048,114477,137871,34372,160332,725388,1438408
"Shop47",615,104,45,466,161,13771,192113,32963,116588,193276,34953,163110,779737,1361572
"Shop48",616,106,42,468,161,14719,307574,32338,117027,193304,35097,163655,896052,1539416
"Shop49",678,115,46,517,112,18369,237064,38270,129176,134272,38810,181016,815247,1503130
"Shop50",617,104,42,471,115,16101,286900,38237,117822,137956,35330,164873,835456,1422449
"Shop51",551,97,38,416,136,12905,222278,27960,104066,163493,31216,145462,735340,1115567
"Shop52",641,107,47,487,100,16240,302348,39483,121680,120161,36485,170389,846269,1656254
"Shop53",634,115,42,477,192,15874,227678,36049,119343,230199,35767,167058,868017,1627389
"Shop54",649,125,45,479,208,18160,289633,35952,119661,249738,35917,167519,952532,1428375
"Shop55",618,119,43,456,115,17184,317288,30104,113922,137931,34184,159662,840379,1504108
"Shop56",674,128,44,502,196,17416,268376,39431,125482,234944,37652,175774,938506,1612741
"Shop57",642,114,45,483,225,15093,231910,35467,120816,270072,36212,169057,914094,1515638
"Shop58",613,101,43,469,138,15090,239660,30979,117230,165765,35175,164244,799122,1234000
"Shop59",600,106,40,454,189,14072,228342,38710,113520,226717,34071,158770,852912,1179259
"Shop60",554,98,40,416,162,13205,183617,32486,103931,194327,31223,145703,736978,1355094
"Shop61",538,104,38,396,80,11553,217324,29417,99065,95894,29695,138486,650851,1015990
"Shop62",563,108,39,416,144,13162,232509,28801,104027,173051,31212,145529,757092,1161788
"Shop63",656,119,43,494,104,17593,273828,37066,123485,124632,37042,172786,823498,1376765
"Shop64",627,120,43,464,168,17400,182606,39672,115974,201776,34771,162388,794259,1509778
"Shop65",651,108,42,501,234,15495,255804,40330,125168,280928,37535,175479,971069,1631736
"Shop66",579,104,41,434,140,14070,185347,28306,108521,168138,32529,151938,717155,1487307
"Shop67",602,109,44,449,110,15335,315074,34612,112215,131984,33688,157147,834667,1407578
"Shop68",545,93,37,415,136,11908,153209,30934,103692,163226,31126,145158,670187,1106571
"Shop69",517,87,38,392,112,12294,159461,32352,97995,134514,29397,137201,635566,1290011
"Shop70",593,100,40,453,189,15995,203167,36136,113177,226695,33974,158474,823754,1347340
"Shop71",638,115,46,477,100,15486,197393,40245,119222,120079,35803,166819,735292,1302611
"Shop72",607,108,44,455,110,15819,285102,31354,113817,131711,34110,159244,802511,1192233
"Shop73",451,86,30,335,54,9484,239951,27942,83700,65040,25118,117317,596494,855817
"Shop74",652,122,43,487,156,18291,204733,33517,121832,186948,36565,170463,805866,1582776
"Shop75",686,126,50,510,261,18048,345172,33801,127445,312949,38229,178637,1088082,1416976
"Shop76",605,111,44,450,110,13444,173482,34918,112533,132220,33712,157541,692768,1461832
"Shop77",707,118,50,539,150,17095,347654,42651,134746,180162,40458,188594,994011,1726204
"Shop78",537,102,38,397,64,14030,155233,31186,99327,76561,29806,138992,576321,1386794
"Shop79",494,94,35,365,72,11747,232241,27173,91261,86387,27343,127802,631127,1186415
"Shop80",594,112,40,442,189,15473,307854,34167,110478,226587,33121,154634,916481,1307507
"Shop81",702,117,47,538,210,15865,213209,44222,134437,252183,40381,188412,932931,1652474
"Shop82",605,101,45,459,154,14554,223406,35392,114730,184726,34401,160538,803139,1193029
"Shop83",608,101,42,465,176,16601,200515,38109,116171,211276,34874,162892,818547,1301828
"Shop84",672,112,47,513,108,18526,236524,41837,128222,129852,38470,179538,814806,1718161
"Shop85",601,100,44,457,168,14249,237662,37610,114310,201699,34252,159819,837211,1208810
"Shop86",616,113,43,460,115,14576,210258,33008,114988,138052,34464,161063,739417,1309764
"Shop87",636,116,45,475,168,14638,187027,33390,118699,201421,35648,166348,790561,1598080
"Shop88",575,101,39,435,171,12442,261366,35947,108694,205220,32616,152161,844393,1382757
"Shop89",776,133,50,593,288,17770,263731,48531,148219,345739,44490,207640,1124651,1585600
"Shop90",716,129,46,541,124,18103,331618,43995,135304,148726,40558,189283,951582,1435359
"Shop91",735,128,47,560,165,16671,259992,41145,140003,198031,41969,195934,934890,1628055
"Shop92",562,101,39,422,126,15537,268512,28720,105493,151454,31659,147575,777670,1336710
"Shop93",550,100,38,412,153,15122,213936,35423,103046,183503,30895,144310,761658,1365885
"Shop94",714,125,51,538,217,17824,223614,38847,134402,260594,40364,188243,942735,1639655
"Shop95",629,118,45,466,216,15445,234100,35774,116567,259323,34983,162974,894940,1477501
"Shop96",729,140,51,538,288,19757,333729,44308,134498,345679,40331,188418,1151028,1583569
"Shop97",594,99,41,454,126,15710,211078,38519,113477,151135,34033,159042,761513,1341371
"Shop98",695,117,49,529,232,15390,244521,42025,132195,278329,39656,185072,979213,1545813
"Shop99",680,117,46,517,196,18215,329490,42658,129303,235498,38754,180867,1017443,1744678
"Shop100",588,107,39,442,140,14677,290127,33853,110439,167972,33171,154788,838880,1188778
"Shop101",616,105,45,466,115,17186,231363,36841,116423,138128,34936,163144,774862,1346791
"Shop102",621,114,44,463,92,15162,197457,31101,115840,110142,34748,161962,697513,1288293
"Shop103",490,88,35,367,96,13180,185876,28966,91727,115079,27536,128484,619814,1141047
"Shop104",646,110,46,490,100,17674,208022,35008,122427,119783,36721,171512,746155,1658040
"Shop105",717,138,50,529,155,18634,286992,36934,132281,186058,39694,185300,922827,1574896
"Shop106",710,120,47,543,279,18155,328028,44630,135826,334838,40752,190156,1137015,1527628
"Shop107",585,111,40,434,80,15586,271568,28294,108582,96185,32587,151970,733066,1460564
"Shop108",480,84,32,364,99,10824,201633,26885,91085,118657,27338,127293,630600,1042317
"Shop109",472,88,34,350,66,12254,218605,29559,87435,79187,26224,122364,605187,1162860
"Shop110",580,104,39,437,120,14850,284831,30912,109305,144031,32756,152871,800468,1496877
"Shop111",529,100,36,393,120,12894,281768,26015,98179,143980,29484,137464,755799,1310688
"Shop112",590,112,39,439,147,16370,177036,31782,109782,176410,32908,153536,729606,1343686
"Shop113",584,99,42,443,80,14522,286745,32400,110759,95952,33260,154912,760950,1138661
"Shop114",581,98,41,442,80,16043,221178,32564,110518,96275,33160,154553,696855,1459970
"Shop115",586,107,40,439,100,15429,233724,36885,109663,120109,32916,153713,739324,1312895
"Shop116",531,92,35,404,96,14518,239344,33637,100978,115212,30307,141330,708963,1396305
"Shop117",635,120,46,469,192,17814,304193,33852,117333,230460,35177,164184,936865,1453998
"Shop118",535,91,38,406,96,13856,288984,34993,101573,115477,30446,142165,762487,1352985
"Shop119",664,121,43,500,135,15060,291471,38011,125006,161804,37494,175092,881949,1644356
"Shop120",563,99,38,426,126,15968,187147,36669,106441,151350,31961,149113,715318,1280094
"Shop121",647,108,44,495,125,16840,297906,32594,123780,150014,37109,173187,864024,1613238
"Shop122",532,88,36,408,144,14358,237174,34578,101947,173071,30580,142659,768945,1185308
"Shop123",567,94,39,434,76,15120,203582,27632,108413,91492,32518,151932,658321,1474513
"Shop124",489,92,35,362,108,11131,268507,23108,90483,129394,27142,126589,699462,961443
"Shop125",598,101,41,456,189,13413,279572,34057,114039,226918,34227,159532,895815,1318966
"Shop126",688,130,47,511,116,15294,316994,40775,127690,139360,38317,178924,898129,1372054
"Shop127",597,114,42,441,84,13350,211908,29443,110248,100900,33069,154480,682841,1512804
"Shop128",711,131,53,527,217,17749,247882,44442,131792,260181,39531,184319,970338,1476461
"Shop129",619,107,43,469,161,13686,282597,35214,117211,193062,35161,164164,876309,1491073
"Shop130",632,114,42,476,192,16585,210998,36556,118921,230361,35718,166516,852211,1278610
"Shop131",548,91,40,417,68,12442,285306,29690,104174,81670,31238,145945,720155,1326986
"Shop132",687,123,45,519,116,16666,346362,39591,129799,139270,38936,181510,931725,1624582
"Shop133",646,110,43,493,100,16496,287844,41625,123187,119788,36999,172471,840035,1629334
"Shop134",642,121,42,479,150,14152,312836,32740,119688,179761,35934,167712,895563,1602825
"Shop135",703,120,51,532,120,16541,238487,43765,132948,144275,39923,186166,845870,1729187
"Shop136",665,116,47,502,189,17147,254582,35316,125467,226906,37612,175637,907983,1581254
"Shop137",656,127,47,482,130,17095,267184,37227,120437,155703,36181,168633,839687,1582228
"Shop138",549,105,37,407,68,12394,219074,30721,101850,81322,30528,142443,649053,1142341
"Shop139",529,91,37,401,60,14379,171809,26666,100290,72085,30037,140363,582295,1140745
"Shop140",575,98,39,438,152,13952,268081,31166,109453,182353,32873,153441,822485,1413299
"Shop141",499,85,34,380,52,10678,156139,26223,94998,62264,28462,132961,537948,1210369
"Shop142",547,102,36,409,153,13298,253694,31928,102248,183612,30698,143232,790638,1239764
"Shop143",554,98,40,416,162,13133,248415,33558,104001,194563,31223,145498,803949,1117516
"Shop144",727,136,54,537,160,19618,325741,41446,134258,192266,40309,188024,983108,1476050
"Shop145",502,92,36,374,91,13777,148945,25464,93419,109336,28073,130970,575448,937448
"Shop146",571,110,39,422,133,16018,212282,35264,105510,159873,31623,147599,743433,1378326
"Shop147",598,107,41,450,168,14785,192967,34127,112462,201860,33779,157518,781625,1456994
"Shop148",513,91,37,385,126,14324,152889,30472,96177,151477,28836,134856,639503,1340783
"Shop149",562,104,38,420,90,15602,279905,36416,104972,107928,31500,146995,759734,1177234
"Shop150",458,88,30,340,36,11664,115356,23687,84995,43157,25473,118999,447018,919662
"Shop151",505,89,35,381,91,14231,147487,24009,95217,108956,28562,133319,575790,1163766
"Shop152",529,96,36,397,105,14181,211990,31008,99243,125977,29802,138892,682101,1124036
"Shop153",581,103,42,436,80,15158,203345,28657,109088,95737,32704,152742,666088,1133578
"Shop154",569,101,41,427,171,15360,199205,32664,106680,205031,31987,149503,773094,1222183
"Shop155",554,92,36,426,126,13542,280151,33499,106546,151471,31919,149218,799845,1431592
"Shop156",629,119,44,466,120,15345,272637,33515,116589,144118,34917,163075,813711,1470166
"Shop157",710,135,46,529,248,17484,342244,37951,132242,297437,39661,185068,1090038,1517190
"Shop158",559,108,37,414,126,14424,232104,28129,103534,151433,31011,144943,733707,1065458
"Shop159",573,106,39,428,76,14201,225329,31408,107079,90965,32096,149748,682234,1214998
"Shop160",613,107,45,461,115,14726,317472,30939,115328,138067,34569,161362,843402,1210731
"Shop161",626,110,46,470,120,13764,213102,39973,117554,144197,35258,164450,768271,1547950
"Shop162",624,116,41,467,115,13712,229163,31309,116681,137803,35042,163512,758531,1460639
"Shop163",610,112,44,454,132,13680,239466,34174,113501,158225,34043,159012,786275,1234709
"Shop164",689,131,51,507,232,17898,219217,33390,126850,278123,38024,177469,924361,1402124
"Shop165",594,113,44,437,147,14904,224529,28183,109235,176550,32775,152910,767269,1174982
"Shop166",593,106,40,447,189,13099,172687,32732,111749,226918,33550,156562,780029,1496773
"Shop167",686,123,49,514,145,15468,346746,38240,128576,173774,38581,180015,959640,1542942
"Shop168",632,119,43,470,192,15551,327196,39246,117432,230668,35281,164556,969176,1375222
"Shop169",592,109,40,443,168,13089,198696,34698,110772,201713,33229,155193,782088,1231424
"Shop170",501,92,34,375,117,12795,227973,30127,93778,140535,28107,131264,694706,1259895
"Shop171",677,122,50,505,224,18188,344466,41509,126166,268838,37907,176833,1055416,1370620
"Shop172",586,98,38,450,160,13187,279166,29515,112441,192136,33778,157485,847223,1541015
"Shop173",618,103,41,474,115,16304,302856,37095,118540,138152,35559,165966,851567,1471391
"Shop174",567,102,41,424,114,13046,179093,36241,105954,136710,31828,148286,687399,1260528
"Shop175",623,106,45,472,184,14089,205324,31911,118081,220955,35430,165144,822845,1338741
"Shop176",590,111,44,435,168,15637,274361,30689,108663,201690,32607,152271,846607,1284914
"Shop177",498,82,34,382,65,13212,187357,27731,95516,78178,28661,133717,592103,1114939
"Shop178",596,101,40,455,147,15518,253147,33787,113826,176407,34108,159373,819953,1383642
"Shop179",574,95,38,441,95,13319,274042,32650,110165,113877,33069,154440,764212,1277498
"Shop180",597,101,42,454,189,16234,190496,30488,113554,226825,34076,159021,801182,1266065
"Shop181",499,84,36,379,65,12942,141481,24414,94805,78250,28413,132709,537428,937744
"Shop182",540,104,36,400,128,12739,274599,26040,100038,153687,30008,139933,763084,1360360
"Shop183",590,98,39,453,84,12985,211841,30657,113200,101081,33936,158677,693034,1188193
"Shop184",655,112,44,499,234,14431,280761,37668,124722,280894,37399,174550,988093,1613574
"Shop185",640,117,46,477,200,16634,224543,34405,119303,240066,35760,166959,872075,1428366
"Shop186",597,109,41,447,147,16891,300878,33702,111774,176305,33542,156308,863102,1162191
"Shop187",610,109,45,456,198,14459,297315,35424,113911,237651,34222,159497,927903,1398664
"Shop188",560,107,40,413,72,12795,232444,31479,103271,86550,30976,144528,673522,1304923
"Shop189",578,95,43,440,140,14360,228749,37841,109973,168206,32976,153966,783912,1513730
"Shop190",815,142,60,613,280,22086,318544,49770,153254,336188,45964,214405,1189981,1873729
"Shop191",526,96,37,393,105,14769,195140,28262,98186,125803,29494,137435,657351,1012406
"Shop192",544,104,35,405,85,13124,143077,35238,101339,102234,30389,141730,602369,1166111
"Shop193",504,92,36,376,117,11301,139602,26908,94001,140635,28191,131567,599113,979866
"Shop194",716,128,53,535,155,16655,245397,42655,133831,185969,40115,187235,894512,1738995
"Shop195",494,95,33,366,84,14090,226938,24637,91416,100679,27412,128222,638031,1218939
"Shop196",630,108,46,476,192,14327,248377,32079,118959,230238,35680,166549,878288,1547609
"Shop197",625,104,46,475,120,15163,258008,31843,118828,144028,35616,166115,801444,1318146
"Shop198",578,99,40,439,100,14035,229538,29913,109764,119838,32944,153743,719688,1481675
"Shop199",638,122,41,475,225,17497,202243,32383,118694,269887,35610,166241,874938,1297521
"Shop200",730,121,49,560,224,16957,308590,40841,139949,268626,41990,196075,1053869,1681918
"Shop201",571,102,38,431,95,15707,160780,27659,107829,113838,32360,150923,636755,1453376
"Shop202",635,116,42,477,144,15048,252476,38731,119161,172912,35767,166928,839754,1247406
"Shop203",675,127,50,498,252,15259,274202,32879,124589,302555,37332,174443,994138,1329006
"Shop204",645,108,42,495,150,15678,216391,41750,123791,180204,37123,173314,830001,1500891
"Shop205",670,126,47,497,162,15530,222529,39278,124161,194119,37315,173943,846153,1593225
"Shop206",618,106,41,471,161,14886,282250,38307,117700,193465,35361,164798,885074,1525217
"Shop207",615,102,41,472,207,13500,264391,37341,117977,248148,35368,165306,919372,1551468
"Shop208",485,93,34,358,96,11553,148815,26588,89461,115117,26861,125183,570166,1247517
"Shop209",579,107,40,432,180,13529,301447,33583,108010,215973,32408,151073,889606,1489429
"Shop210",622,108,42,472,161,16945,300286,31254,118002,193011,35393,165243,891388,1583190
"Shop211",517,93,37,387,112,13001,206305,28423,96776,134114,29028,135368,671438,1320059
"Shop212",564,101,38,425,144,15235,173469,35618,106314,172636,31894,148667,719451,1164511
"Shop213",636,110,42,484,216,15057,243194,36173,121032,259024,36327,169409,916389,1546261
"Shop214",697,134,48,515,210,16597,319579,35037,128745,252072,38659,180208,1005934,1413395
"Shop215",584,103,41,440,140,14307,247447,35183,109977,167931,33016,153891,796935,1375492
"Shop216",586,99,40,447,180,15649,253200,35213,111790,215751,33520,156427,856763,1496522
"Shop217",626,121,43,462,168,16076,217921,30288,115480,201867,34669,161836,808425,1343393
"Shop218",639,116,44,479,200,14170,209490,37551,119746,239849,35902,167514,861773,1576176
"Shop219",540,98,37,405,112,12469,159379,32240,101346,134276,30341,141600,643891,1115340
"Shop220",633,115,41,477,192,17643,265071,31866,119175,230157,35789,167049,898616,1247936
"Shop221",694,123,45,526,261,16133,262561,44416,131468,313057,39463,184244,1035758,1512221
"Shop222",628,120,42,466,168,17430,267864,32737,116534,201809,34945,163233,867289,1548231
"Shop223",569,94,38,437,171,14979,197893,30445,109314,205162,32795,152936,773969,1470946
"Shop224",650,125,44,481,182,14801,205960,34734,120282,218427,36096,168347,833381,1525055
"Shop225",606,108,40,458,132,15696,299764,30931,114415,158179,34365,160291,844572,1365874
"Shop226",531,92,38,401,112,12107,234534,30678,100307,134341,30083,140396,713124,1216978
"Shop227",670,128,43,499,108,15560,272543,39546,124747,129568,37441,174599,833550,1640647
"Shop228",682,131,47,504,140,15335,340003,42041,125938,167975,37828,176420,947581,1369667
"Shop229",695,128,46,521,261,15848,339809,37268,130169,312903,39111,182232,1094608,1706056
"Shop230",683,132,44,507,196,17007,288606,41474,126702,234988,38042,177422,965715,1345064
"Shop231",578,106,41,431,100,13359,275617,33908,107835,120122,32303,150719,767771,1360718
"Shop232",652,119,44,489,156,17912,270583,35520,122256,187389,36660,171139,876979,1603388
"Shop233",681,125,46,510,196,16221,330089,35991,127455,235010,38240,178533,997530,1512423
"Shop234",521,89,35,397,120,13843,179198,30592,99271,144049,29769,139100,666414,1346455
"Shop235",538,97,38,403,64,13426,245044,27879,100660,76756,30243,141139,663026,1269842
"Shop236",529,99,36,394,105,13534,207915,30593,98504,126134,29559,138024,674856,1247259
"Shop237",509,95,37,377,98,13258,252969,30490,94265,117833,28250,132023,699578,1203661
"Shop238",677,117,47,513,140,18447,222281,34887,128236,167704,38443,179520,824405,1587263
"Shop239",597,100,38,459,84,15727,171263,37892,114672,100668,34465,160520,673099,1236861
"Shop240",607,107,44,456,176,16204,295896,38902,114051,211384,34229,159458,909026,1234782
"Shop241",578,105,41,432,160,15792,303588,31729,107975,192217,32422,151262,866714,1233608
"Shop242",636,108,41,487,144,15215,194628,40609,121769,172985,36488,170593,792896,1344581
"Shop243",573,96,42,435,171,13733,209651,34178,108815,205303,32623,152241,790722,1333911
"Shop244",573,104,37,432,114,15999,235353,35667,107937,136580,32419,151348,750970,1322375
"Shop245",617,103,40,474,92,13504,309610,36884,118430,110308,35524,165762,826906,1611480
"Shop246",751,124,53,574,306,18754,351930,41785,143509,367162,43078,201007,1209010,1858886
"Shop247",590,102,38,450,105,13792,257734,34622,112588,126028,33758,157508,770652,1194714
"Shop248",605,104,44,457,176,15579,268572,37192,114343,211166,34315,159926,878285,1491459
"Shop249",505,86,34,385,91,13638,245843,27101,96165,109008,28896,134615,682367,1324024
"Shop250",582,96,41,445,80,13577,297408,38280,111278,96104,33404,155769,784100,1303405
"Shop251",561,97,39,425,72,12711,289861,31242,106329,86131,31836,148794,738146,1075371
"Shop252",649,123,47,479,104,17937,220330,34967,119840,124762,35951,167707,756461,1308484
"Shop253",643,122,42,479,225,14559,281966,39231,119722,270222,35891,167557,968379,1466812
"Shop254",617,115,43,459,161,14420,303169,34218,114842,192934,34388,160656,888845,1238196
"Shop255",494,91,35,368,72,12741,224026,24744,91908,86621,27569,128912,621265,1034473
"Shop256",686,129,48,509,145,16616,249232,40853,127273,174233,38210,178111,865381,1571222
"Shop257",604,106,44,454,110,16552,282735,33121,113456,131820,34061,158799,803665,1482050
"Shop258",596,102,39,455,105,13604,169472,32252,113815,126250,34163,159132,680940,1219018
"Shop259",539,89,35,415,128,14173,222954,28934,103752,153800,31147,145265,728959,1116121
"Shop260",651,108,43,500,130,16438,250625,39137,125031,155822,37487,175054,838731,1585703
"Shop261",695,130,47,518,261,17212,258570,35083,129574,313489,38827,181321,1009159,1444966
"Shop262",637,110,47,480,225,16564,224463,37532,119986,270061,36006,168050,910194,1252276
"Shop263",638,116,41,481,225,16491,272699,38937,120209,270018,36061,168403,961755,1630799
"Shop264",638,110,45,483,100,14615,297759,31476,120846,119907,36247,169179,821505,1569298
"Shop265",636,114,42,480,144,16041,268405,36733,120079,173093,36005,167885,854974,1553626
"Shop266",467,87,32,348,70,11753,213022,29597,87080,83731,26097,121824,602701,926872
"Shop267",494,83,33,378,96,10775,152831,25232,94431,115154,28362,132383,584400,1010370
"Shop268",616,116,43,457,92,14273,294150,29749,114201,110485,34237,159990,786834,1352702
"Shop269",522,94,36,392,60,13646,195201,32504,98039,71931,29360,137322,610507,1120130
"Shop270",626,105,42,479,216,16941,188467,37882,119820,258947,35893,167631,863463,1526046
"Shop271",627,119,41,467,120,16456,285346,32288,116656,143814,35017,163302,825167,1557157
"Shop272",612,116,42,454,88,16404,245873,36834,113488,105538,34037,158959,747967,1484214
"Shop273",670,118,44,508,162,15489,208522,42377,126961,194438,38108,177818,846090,1671412
"Shop274",722,123,47,552,128,17091,363620,41040,138067,153867,41426,193255,989406,1687612
"Shop275",564,102,39,423,108,12150,167995,36043,105650,129563,31723,148110,667277,1373191
"Shop276",601,103,42,456,84,16491,238662,34507,114054,100913,34197,159545,732876,1169290
"Shop277",611,106,42,463,110,14249,234138,32770,115769,131779,34685,162088,758248,1460943
"Shop278",502,91,32,379,104,10836,251268,27335,94759,125074,28445,132757,697809,1092143
"Shop279",539,96,36,407,96,12793,174873,26474,101770,115079,30550,142482,630495,1159986
"Shop280",510,96,36,378,112,11635,221090,23577,94529,134684,28366,132253,669711,1100766
"Shop281",680,115,50,515,196,17812,340412,40124,128802,235024,38593,180207,1021098,1523233
"Shop282",568,105,37,426,152,14746,272544,34522,106469,182632,31913,148982,826330,1266911
"Shop283",468,88,31,349,40,10832,224193,24555,87219,48055,26191,122181,567781,1115074
"Shop284",635,108,43,484,168,14735,276055,37193,121027,201687,36336,169444,893670,1357445
"Shop285",592,101,41,450,84,15800,216897,33651,112419,100933,33760,157454,704565,1486825
"Shop286",655,117,47,491,156,15646,297764,32431,122841,187103,36802,171732,896750,1321658
"Shop287",548,103,37,408,85,15206,181346,29276,101925,102193,30589,142743,632554,1231865
"Shop288",574,101,42,431,152,13491,154620,35381,107749,182598,32302,150799,712321,1240651
"Shop289",616,102,40,474,115,14188,248813,37586,118597,137885,35514,165867,796036,1416884
"Shop290",782,131,51,600,148,19115,359219,40723,150014,177705,45020,210150,1042669,1978118
"Shop291",760,139,55,566,280,17493,265649,44425,141567,335910,42483,198212,1090164,1668156
"Shop292",520,91,37,392,60,13759,162595,34192,98035,72201,29377,137139,581490,1336705
"Shop293",528,91,37,400,120,11632,177484,30724,99920,144136,29972,140128,664720,1262702
"Shop294",596,108,41,447,84,16484,261685,34340,111815,100789,33506,156437,749396,1424976
"Shop295",596,115,43,438,147,16028,263922,36403,109521,176146,32882,153201,824506,1243822
"Shop296",701,121,48,532,180,18204,349712,35832,132912,215702,39904,186281,1014379,1413554
"Shop297",576,95,38,443,171,13343,298197,28733,110815,205341,33185,155055,873402,1244817
"Shop298",644,115,46,483,175,16850,286161,34396,120702,210207,36255,169095,908062,1288444
"Shop299",611,109,42,460,176,13675,202561,30042,115087,211498,34461,160971,798337,1520139
"Shop300",575,106,42,427,133,15980,203952,29557,106691,159405,32028,149581,726751,1134932
"Shop301",641,111,43,487,225,16442,243510,31815,121724,270211,36553,170541,922611,1266992
"Shop302",623,108,43,472,115,17373,247295,33329,118027,138148,35422,165058,787981,1329894
"Shop303",536,96,38,402,128,11407,245629,32325,100474,153878,30160,140689,746887,1382996
"Shop304",591,99,40,452,126,13709,274866,30438,112918,151206,33921,158146,805642,1186409
"Shop305",538,103,39,396,80,14372,230584,34643,99034,96021,29660,138728,677685,1089801
"Shop306",543,90,39,414,153,14130,269666,28194,103533,183418,31048,144990,803173,1250386
"Shop307",625,103,42,480,144,13897,260015,40458,120010,172825,36003,168113,851779,1279964
"Shop308",638,106,44,488,175,14221,191133,33397,121906,209768,36598,170763,811183,1302786
"Shop309",557,94,37,426,90,14115,213608,28925,106565,108190,31968,149188,681484,1147207
"Shop310",626,111,42,473,96,16487,200054,34593,118214,115032,35445,165408,719826,1518925
"Shop311",490,82,35,373,48,10459,205063,32231,93283,57869,28014,130680,589830,1282913
"Shop312",538,99,36,403,128,12867,274140,33291,100732,153717,30188,141056,779282,1361779
"Shop313",640,114,46,480,150,16355,206963,36749,119901,179958,36022,167948,800645,1263410
"Shop314",607,104,45,458,132,15824,263580,30547,114574,158370,34332,160338,808112,1352905
"Shop315",607,114,44,449,110,14170,242637,31672,112204,131845,33679,157163,755042,1290437
"Shop316",640,120,46,474,225,16911,300367,33018,118468,270278,35548,165996,973604,1571798
"Shop317",633,110,43,480,216,15253,285259,34919,120012,258965,36022,168064,953413,1306409
"Shop318",647,116,42,489,175,15611,267278,40999,122327,209704,36696,171161,904775,1627238
"Shop319",643,112,46,485,100,16037,303670,40735,121180,120207,36363,169609,848536,1301852
"Shop320",537,95,38,404,64,12014,243794,30507,101039,77083,30331,141269,666544,1406240
"Shop321",645,120,46,479,150,14675,324489,38045,119811,179862,35897,167604,918428,1636599
"Shop322",645,114,43,488,100,14683,221023,38872,121917,119781,36566,170795,762509,1537279
"Shop323",623,118,45,460,207,14373,183111,33591,115048,248585,34519,161081,823899,1566646
"Shop324",660,118,46,496,208,17748,334886,34832,124096,249702,37192,173517,1006805,1340805
"Shop325",625,121,45,459,216,16120,283427,35779,114726,259151,34455,160792,940229,1539536
"Shop326",571,110,37,424,114,12849,274668,34175,105911,136917,31826,148501,779022,1468254
"Shop327",539,90,35,414,112,13516,217099,32083,103453,134153,31011,144889,708287,1432770
"Shop328",554,99,37,418,108,13379,213757,35673,104526,129698,31377,146436,710519,1316395
"Shop329",614,112,42,460,207,13930,259561,30101,115052,248544,34511,160854,892654,1521787
"Shop330",483,88,31,364,108,10924,249427,22922,90904,129895,27266,127398,681658,1280224
"Shop331",597,101,43,453,168,15523,172406,34491,113271,201661,33938,158679,764460,1207020
"Shop332",603,102,44,457,110,14267,263144,34361,114336,131807,34267,159938,786481,1349707
"Shop333",616,106,41,469,138,14800,308891,40079,117162,165725,35191,164248,886175,1241341
"Shop334",585,111,43,431,160,15337,162670,32297,107758,191823,32299,150940,725421,1461485
"Shop335",604,103,40,461,88,14021,200069,32675,115294,105885,34577,161222,696418,1285354
"Shop336",554,94,36,424,108,11913,194135,36097,106050,129437,31778,148462,693969,1292643
"Shop337",601,112,42,447,105,14222,259324,31531,111828,125894,33525,156420,764275,1504431
"Shop338",706,126,49,531,150,16549,317611,41091,132839,179931,39814,185770,954696,1558661
"Shop339",510,88,36,386,70,14707,201027,29594,96498,84141,28960,135130,619651,1112624
"Shop340",667,124,47,496,216,17817,277408,32805,123959,259045,37204,173494,954537,1329104
"Shop341",547,94,40,413,102,14267,237405,33075,103236,122521,30999,144640,719218,1142607
"Shop342",597,105,39,453,126,14071,233359,33789,113231,150984,34015,158638,771876,1355406
"Shop343",436,73,31,332,40,9970,157548,23293,82994,47798,24923,116068,485887,1094135
"Shop344",483,93,34,356,108,12032,199373,26227,89013,129610,26716,124558,633756,950043
"Shop345",546,90,39,417,68,15584,158203,30161,104267,81833,31286,146054,597549,1112401
"Shop346",690,124,46,520,116,18913,306799,43832,129984,139050,39005,181973,903388,1728805
"Shop347",561,100,39,422,126,15757,264471,30381,105400,151290,31666,147822,777168,1181542
"Shop348",760,143,56,561,210,18051,291375,40518,140191,252160,42087,196387,1021287,1864280
"Shop349",643,113,43,487,200,16943,289553,38094,121766,239984,36532,170403,951369,1453981
"Shop350",564,102,41,421,72,15456,268258,30517,105166,86278,31594,147395,715181,1331796
"Shop351",541,94,35,412,144,12542,154810,28282,102988,172991,30861,144350,675106,1434579
"Shop352",636,105,43,488,144,13938,282586,32346,121946,172633,36584,170657,863036,1447693
"Shop353",574,109,39,426,95,12831,282185,32130,106449,113827,31977,148961,760490,1283076
"Shop354",655,123,45,487,104,18078,312517,40814,121731,124932,36506,170366,865758,1419008
"Shop355",543,101,37,405,153,12501,263304,31022,101275,183581,30380,141743,794828,1299651
"Shop356",638,114,45,479,200,17322,246101,40233,119838,239993,35922,167581,907223,1266213
"Shop357",732,133,50,549,297,16586,286656,39718,137196,356393,41152,192214,1109633,1774856
"Shop358",589,101,40,448,120,13460,309615,33469,112072,143912,33625,156872,836494,1375228
"Shop359",618,113,40,465,161,15051,255639,33814,116298,193079,34894,162807,845396,1244966
"Shop360",644,118,43,483,100,17233,207457,33640,120698,120276,36248,168915,738107,1629052
"Shop361",619,107,46,466,184,13634,222846,35086,116444,220555,34951,163162,841764,1305102
"Shop362",586,104,43,439,160,12656,218441,32191,109837,191728,32894,153706,783644,1455321
"Shop363",579,99,38,442,100,13216,172465,28919,110545,119965,33112,154644,661785,1312320
"Shop364",411,75,30,306,36,8784,156259,27234,76531,43285,22967,106980,469274,967639
"Shop365",602,99,39,464,198,15975,223770,39442,115972,237703,34815,162300,869419,1397102
"Shop366",660,119,45,496,208,15269,306660,40697,124082,249560,37160,173556,987681,1672033
"Shop367",621,112,40,469,92,14790,242683,35743,117210,110665,35198,164108,756140,1410809
"Shop368",687,115,46,526,232,16069,329213,36066,131530,278169,39472,184124,1050709,1581412
"Shop369",609,109,42,458,132,14126,289930,38069,114458,158281,34313,160231,847477,1231735
"Shop370",632,121,41,470,144,15378,190846,35102,117461,173081,35257,164557,766784,1281973
"Shop371",602,113,41,448,132,16193,288291,34396,111947,158677,33634,156731,834265,1401146
"Shop372",583,108,40,435,100,16001,245164,34458,108741,119714,32641,152277,743454,1307943
"Shop373",631,115,43,473,216,15840,247368,33884,118277,259177,35447,165617,909494,1245583
"Shop374",578,100,41,437,80,13982,296748,29163,109318,96244,32747,152909,760274,1129566
"Shop375",611,112,43,456,154,14443,315143,32527,114073,184525,34188,159474,886900,1202997
"Shop376",554,94,39,421,72,11955,174710,32419,105178,86217,31597,147335,621830,1236012
"Shop377",613,109,45,459,207,17205,240727,31774,114688,248376,34425,160671,879640,1235825
"Shop378",605,107,41,457,176,15359,262566,36128,114308,211467,34244,159816,870016,1392316
"Shop379",609,110,44,455,110,15664,277386,32355,113710,132206,34089,159104,796869,1281827
"Shop380",620,104,40,476,138,16334,202475,38057,118955,165553,35663,166467,781561,1375125
"Shop381",675,114,48,513,252,18327,317421,41018,128309,302572,38458,179672,1066795,1341902
"Shop382",684,128,51,505,252,18550,337649,41768,126208,302183,37912,176805,1082843,1713691
"Shop383",657,124,44,489,104,17083,325364,41361,122292,124953,36705,171076,880195,1497205
"Shop384",651,112,43,496,182,17448,205602,34849,124076,218392,37209,173719,846144,1649032
"Shop385",650,120,45,485,104,14745,307185,38283,121231,124593,36340,169761,850421,1308713
"Shop386",682,132,50,500,168,16569,235331,34897,125100,201767,37524,174915,861000,1684257
"Shop387",720,130,50,540,128,18290,324169,43437,134965,153376,40492,188885,947051,1793339
"Shop388",586,98,38,450,80,14122,305393,37224,112502,95919,33735,157549,793668,1405486
"Shop389",555,108,38,409,162,15269,153682,34696,102165,194123,30676,143288,708595,1146464
"Shop390",628,115,41,472,96,16439,228226,32063,118091,115414,35394,165333,743023,1524657
"Shop391",536,95,36,405,112,12890,198687,31871,101338,134313,30403,141681,683054,1119125
"Shop392",626,121,46,459,120,15429,207652,33816,114655,143709,34399,160774,744250,1330136
"Shop393",621,114,45,462,92,16556,316523,34363,115498,110374,34616,161559,823852,1264698
"Shop394",538,104,35,399,128,13676,274761,27383,99687,153715,29933,139590,766128,1344972
"Shop395",591,102,40,449,84,14404,291272,35625,112314,100953,33683,157044,780920,1352593
"Shop396",625,118,46,461,192,13682,219349,33069,115191,230336,34583,161384,840663,1298494
"Shop397",640,119,45,476,225,14204,255622,39227,118977,270059,35721,166455,939492,1621411
"Shop398",606,105,40,461,154,14313,243302,34737,115265,184681,34535,161456,823026,1497007
"Shop399",692,126,45,521,174,16325,265223,35035,130161,209055,39098,182479,912411,1640708
"Shop400",571,102,42,427,133,12833,283444,33258,106705,159504,32021,149325,810348,1139758
"Shop401",560,102,36,422,162,13345,274511,33929,105600,194497,31666,147650,835127,1097981
"Shop402",530,99,35,396,64,15028,182874,29932,99053,76522,29692,138547,601580,1030718
"Shop403",655,122,45,488,130,15884,336142,35974,122060,155840,36605,170899,909378,1343143
"Shop404",630,106,46,478,120,15753,287409,34835,119543,143859,35879,167429,839542,1318019
"Shop405",619,106,40,473,138,17406,198548,37739,118215,165441,35497,165643,776228,1599823
"Shop406",606,101,39,466,154,14013,244615,36509,116468,184894,34976,163221,831205,1459046
"Shop407",657,118,45,494,208,17784,211060,34306,123545,249494,37076,173016,880587,1469530
"Shop408",614,110,45,459,207,13967,189866,37879,114797,248146,34392,160524,837450,1384893
"Shop409",602,115,43,444,110,13362,190461,34586,111032,132030,33330,155287,704674,1438212
"Shop410",640,111,47,482,125,15940,214995,40145,120522,149999,36181,168580,786507,1553857
"Shop411",615,103,40,472,207,17344,303927,40010,117927,248557,35377,165135,968287,1285039
"Shop412",511,98,33,380,84,13237,223657,30036,95001,101005,28533,133010,654515,1096416
"Shop413",574,111,38,425,133,14239,175742,35799,106247,159837,31870,148759,708292,1389258
"Shop414",497,92,34,371,52,13879,244406,32298,92677,62322,27797,129853,635530,1150836
"Shop415",562,97,36,429,72,12296,188226,30692,107197,86220,32176,150081,637580,1371980
"Shop416",702,124,49,529,210,18260,235151,41861,132160,252004,39685,185131,946113,1708796
"Shop417",578,98,40,440,80,13527,262899,31685,110010,96139,32987,154142,733074,1421641
"Shop418",702,124,47,531,210,15885,314061,40565,132766,251902,39855,185872,1021471,1656847
"Shop419",517,98,35,384,84,11051,161877,30731,96017,100816,28813,134463,594499,1083218
"Shop420",616,116,41,459,138,16706,205153,38190,114705,165505,34408,160576,773433,1190400
"Shop421",585,102,40,443,80,13986,162674,32576,110744,96090,33262,155005,636913,1412491
"Shop422",503,92,35,376,117,13596,211359,25264,93981,140120,28221,131665,669470,1224334
"Shop423",536,96,35,405,80,13563,172083,29164,101166,95937,30367,141746,613190,1053305
"Shop424",667,124,49,494,189,17721,272142,38982,123446,226977,37060,172829,928139,1456162
"Shop425",579,112,37,430,160,13694,157293,36215,107414,191849,32273,150359,725312,1220566
"Shop426",588,112,43,433,120,14270,206975,27564,108202,143772,32483,151639,712469,1122445
"Shop427",661,121,43,497,135,17664,265837,32979,124155,162247,37238,173917,847016,1455907
"Shop428",678,112,50,516,140,17873,198559,41661,128958,168250,38725,180461,816148,1520787
"Shop429",611,118,41,452,176,14284,182430,34099,113093,211375,33936,158229,781545,1461076
"Shop430",523,97,34,392,75,13861,178795,27104,97954,89969,29381,137071,601239,1006151
"Shop431",529,90,37,402,90,14542,170256,29713,100481,108007,30180,140605,623497,1060388
"Shop432",561,102,39,420,144,14049,268091,34923,105011,172812,31511,147075,808395,1131973
"Shop433",559,106,39,414,72,15945,200627,35882,103471,86629,31088,144989,654513,1368304
"Shop434",579,112,41,426,80,12478,201363,35763,106537,95819,31945,149242,668910,1470873
"Shop435",600,104,39,457,147,14803,258522,31978,114230,176126,34304,160042,821983,1476071
"Shop436",634,119,45,470,120,16545,319553,39054,117592,144264,35266,164477,875805,1604015
"Shop437",611,105,39,467,110,13988,258901,37751,116810,131894,35026,163411,795532,1381235
"Shop438",633,107,44,482,216,16929,229967,34464,120496,259410,36147,168681,900558,1640851
"Shop439",461,83,32,346,80,13246,215737,30402,86592,96107,25944,121116,619546,1066659
"Shop440",543,91,39,413,153,15313,286704,34268,103249,183422,30976,144487,832687,1404872
"Shop441",582,112,40,430,80,16096,274656,33126,107480,96157,32232,150374,743247,1441126
"Shop442",611,115,42,454,110,16586,308058,29206,113548,131980,34036,158936,821556,1391066
"Shop443",546,101,38,407,136,12905,216460,29440,101691,163398,30563,142427,726324,1285527
"Shop444",529,93,35,401,105,14433,163643,29454,100331,125872,30090,140243,633520,1167986
"Shop445",615,113,41,461,184,15022,314064,38121,115213,220907,34597,161382,937427,1568532
"Shop446",608,113,40,455,154,14396,308289,30442,113846,184699,34096,159126,875336,1479375
"Shop447",591,109,44,438,105,14615,209235,34161,109524,125726,32823,153307,713552,1294440
"Shop448",575,112,37,426,95,13067,273310,27302,106539,114063,31970,148968,742521,1380313
"Shop449",601,101,40,460,105,15711,258702,39060,115060,126171,34531,160862,789157,1359571
"Shop450",658,122,48,488,208,17749,274079,38599,122059,249570,36617,170901,948173,1460774
"Shop451",621,120,46,455,92,15354,193079,31377,113726,110295,34137,159128,688473,1434036
"Shop452",475,79,32,364,99,12480,187915,30232,91073,118731,27285,127300,625248,953366
"Shop453",694,120,47,527,232,18480,326779,38417,131684,278615,39536,184351,1056279,1517870
"Shop454",662,114,48,500,108,18387,225198,36637,124921,129818,37540,175083,784221,1445530
"Shop455",527,88,35,404,120,11496,184524,29205,101005,143894,30298,141540,671167,1359904
"Shop456",659,109,48,502,130,16084,230283,34412,125525,155783,37630,175754,809883,1691430
"Shop457",561,107,36,418,144,15819,197426,27780,104584,173015,31375,146419,724198,1424073
"Shop458",629,106,45,478,192,17552,264598,32548,119560,230259,35840,167274,900179,1524549
"Shop459",631,117,47,467,144,17534,252726,33092,116833,172747,35059,163451,824534,1496647
"Shop460",594,103,44,447,84,16764,178871,32344,111774,100733,33563,156369,662762,1452351
"Shop461",571,98,42,431,76,14431,169317,32586,107818,90926,32356,150734,630754,1350826
"Shop462",517,93,37,387,98,14646,242349,32393,96841,117388,29030,135585,700625,1129756
"Shop463",572,100,41,431,114,15843,166774,34819,107754,136956,32318,150816,680099,1314845
"Shop464",632,115,45,472,120,15570,325644,36905,117952,143832,35394,165231,877433,1522564
"Shop465",533,101,39,393,144,13507,184080,30572,98183,173016,29491,137561,696982,1348287
"Shop466",609,102,43,464,154,16301,191011,36066,116016,184826,34821,162505,777612,1526630
"Shop467",617,103,43,471,92,15062,313892,37175,117681,110353,35357,164992,831687,1445414
"Shop468",575,106,39,430,76,15930,259987,30496,107597,91071,32231,150384,718192,1122303
"Shop469",658,121,43,494,182,16755,204783,35572,123441,218637,37048,172934,844742,1665964
"Shop470",551,97,39,415,153,14393,168433,32319,103758,183891,31151,145132,711396,1078271
"Shop471",599,110,42,447,105,15919,280181,38080,111786,125818,33541,156514,799919,1223679
"Shop472",588,113,41,434,80,15192,198962,29984,108483,95853,32574,152028,663060,1187199
"Shop473",556,101,41,414,162,12318,227018,26484,103529,194427,31040,144920,766220,1286538
"Shop474",521,92,37,392,60,11831,136140,26967,98015,72063,29391,137169,538543,1135462
"Shop475",590,106,40,444,147,14403,303447,34695,110913,176101,33331,155502,863087,1320278
"Shop476",604,104,44,456,154,16019,207421,35327,113939,184859,34197,159473,786562,1225655
"Shop477",609,103,45,461,154,14021,201064,34101,115201,184530,34556,161279,778853,1466075
"Shop478",634,121,42,471,192,15494,229531,31803,117731,230254,35309,164737,856662,1266844
"Shop479",654,124,44,486,130,15829,258400,37832,121464,155967,36480,170034,833838,1323805
"Shop480",585,113,41,431,80,16583,296139,32785,107803,95908,32331,150852,765186,1469756
"Shop481",628,118,41,469,144,16982,274142,38357,117209,172756,35155,164158,857116,1209463
"Shop482",568,104,39,425,152,13168,166852,29965,106193,182440,31839,148661,709083,1400593
"Shop483",649,111,46,492,130,15484,314710,31974,122995,156287,36931,172164,882519,1549637
"Shop484",681,132,44,505,252,16359,246357,36930,126217,302229,37851,176871,979744,1618969
"Shop485",588,99,39,450,140,14467,227397,33289,112510,167949,33715,157388,780004,1513752
"Shop486",618,102,41,475,184,14527,319648,31810,118669,220699,35648,166132,938943,1356125
"Shop487",647,113,43,491,150,14460,234651,32681,122807,179886,36831,171741,825738,1587432
"Shop488",628,114,46,468,216,16635,318247,32054,117026,259369,35069,163686,974140,1374254
"Shop489",715,123,48,544,186,19099,255783,45563,135961,223129,40785,190540,956423,1737217
"Shop490",564,101,36,427,72,14583,207848,30511,106696,86681,32015,149435,658280,1176865
"Shop491",672,125,46,501,189,15120,254065,39113,125163,226911,37536,175373,912394,1569117
"Shop492",550,104,37,409,136,11827,276767,29636,102255,162902,30700,143259,786982,1393229
"Shop493",632,121,42,469,96,14998,178919,37797,117221,114920,35152,164020,700824,1531124
"Shop494",654,118,44,492,130,16856,263993,35707,123052,156128,36863,172183,840489,1599296
"Shop495",572,108,38,426,76,13927,250424,29086,106492,91302,31950,149229,701496,1116413
"Shop496",676,112,49,515,140,16905,309434,35568,128729,168016,38634,180292,913146,1563267
"Shop497",616,119,43,454,138,15067,266491,37166,113470,165391,34044,158933,827728,1467029
"Shop498",511,97,34,380,84,12434,139363,25809,94975,100700,28470,133038,560598,1121939
"Shop499",652,116,47,489,130,15325,257689,34422,122267,156002,36692,171144,827963,1639754
"Shop500",595,105,43,447,84,13054,167823,35966,111809,100723,33522,156587,655450,1324860
"Shop501",574,108,42,424,133,14638,241415,35687,106043,159747,31835,148270,773322,1204051
"Shop502",587,111,39,437,180,15124,211930,29885,109311,216256,32752,152910,798053,1315960
"Shop503",642,120,46,476,100,17643,329754,36769,119014,120179,35678,166744,862550,1523219
"Shop504",649,117,45,487,208,14853,211768,40517,121740,249556,36532,170591,886074,1325415
"Shop505",638,123,42,473,175,14535,235236,34728,118303,209907,35447,165624,848508,1578325
"Shop506",679,113,44,522,252,17806,264121,37737,130593,302567,39143,182712,1012416,1503161
"Shop507",618,119,45,454,161,14225,210730,30337,113472,193413,34081,158950,785545,1542448
"Shop508",544,101,36,407,102,14823,211955,31734,101745,122394,30505,142563,687453,1142125
"Shop509",643,113,47,483,225,14565,322919,31344,120771,270118,36204,169150,996415,1456305
"Shop510",663,115,43,505,135,16180,309483,35375,126191,161938,37900,176736,899178,1517391
"Shop511",589,111,43,435,80,14061,213663,33314,108759,95906,32619,152213,683849,1203674
"Shop512",629,115,43,471,120,14928,323963,35164,117727,144113,35359,164811,871229,1221513
"Shop513",555,91,39,425,108,13375,245846,35181,106264,129727,31843,148816,746233,1420859
"Shop514",605,101,39,465,154,13946,207809,32343,116157,185054,34847,162678,785177,1389599
"Shop515",721,121,47,553,288,16743,280107,38137,138175,345617,41473,193517,1091906,1827737
"Shop516",581,110,38,433,160,15195,249734,36299,108151,192012,32486,151601,821777,1230903
"Shop517",704,131,49,524,150,18574,320062,43055,131075,179799,39286,183459,958365,1517933
"Shop518",613,113,44,456,207,15787,307798,34793,114094,248140,34183,159738,949326,1274100
"Shop519",640,114,47,479,150,16484,312637,33060,119698,179826,35943,167653,898361,1494989
"Shop520",749,124,51,574,204,19225,247842,47356,143498,244733,43012,201043,994065,1606716
"Shop521",570,111,38,421,171,15490,166109,28451,105178,205110,31563,147366,727718,1178118
"Shop522",601,108,41,452,168,14004,309148,33754,112975,201547,33923,158066,897171,1523520
"Shop523",707,120,50,537,270,17326,242272,43370,134151,323893,40251,187934,1032567,1493983
"Shop524",681,124,46,511,140,15757,247196,35299,127790,167822,38333,178958,846454,1499573
"Shop525",623,107,42,474,138,14139,244549,33535,118506,165644,35526,166023,811457,1363524
"Shop526",508,93,33,382,56,12310,211347,28733,95499,67029,28625,133665,605941,1249373
"Shop527",605,110,41,454,110,15716,194127,29124,113429,131720,34057,158823,706120,1300112
"Shop528",661,113,43,505,189,18399,246239,38908,126248,227028,37836,176773,910339,1571214
"Shop529",610,111,41,458,176,15670,261328,30719,114478,211333,34362,160432,859041,1310659
"Shop530",658,118,46,494,234,17477,297311,35249,123560,280784,37030,172815,999475,1296142
"Shop531",551,92,39,420,136,15034,152577,30149,105004,162977,31474,147099,674463,1217212
"Shop532",580,97,40,443,100,13060,233461,29972,110728,119809,33206,155018,725226,1198490
"Shop533",681,113,47,521,168,18080,257375,36218,130197,201320,39080,182419,900907,1467516
"Shop534",533,99,37,397,80,15120,181520,27797,99314,96021,29801,138895,616265,1107044
"Shop535",578,97,39,442,80,15071,248681,35981,110502,96090,33183,154588,730077,1353420
"Shop536",695,121,49,525,116,18378,203759,38475,131250,139069,39375,183706,792487,1409255
"Shop537",603,115,40,448,198,16247,277648,29708,111989,237781,33581,156888,893550,1176338
"Shop538",502,94,36,372,117,11298,262885,23261,92993,140122,27868,130210,711898,1077048
"Shop539",557,93,40,424,144,13009,157701,33558,105958,172547,31775,148269,696375,1258432
"Shop540",658,119,48,491,234,17695,305537,35757,122829,280738,36800,171886,1006999,1529561
"Shop541",724,124,51,549,224,16890,324193,38118,137189,269093,41188,192026,1056815,1490425
"Shop542",711,133,49,529,248,16762,298729,39427,132206,297768,39689,185086,1049094,1467516
"Shop543",642,116,42,484,150,16204,328669,38493,120987,180169,36322,169522,928859,1389230
"Shop544",602,110,39,453,176,14544,215084,31550,113234,211138,33940,158629,809669,1535731
"Shop545",601,102,44,455,147,13502,234273,32172,113691,176646,34146,159232,795834,1320167
"Shop546",678,128,45,505,112,16119,323634,35322,126275,134184,37837,176701,885394,1542621
"Shop547",544,99,40,405,119,13917,286347,35096,101321,142846,30402,141612,786637,1277354
"Shop548",648,119,45,484,125,16180,243452,34131,120931,149963,36325,169485,804598,1316053
"Shop549",694,116,47,531,174,18384,345839,37563,132740,208763,39805,185812,1006469,1765204
"Shop550",621,114,44,463,161,15670,287032,35673,115798,193432,34742,162178,880198,1503890
"Shop551",673,120,50,503,140,17088,198740,33308,125717,167810,37758,176109,789838,1447592
"Shop552",632,119,42,471,96,16956,230632,31567,117669,115139,35336,164763,743629,1324901
"Shop553",661,127,44,490,162,15395,246197,33572,122496,194169,36778,171393,853572,1517792
"Shop554",543,104,35,404,119,11990,193544,33466,101035,142642,30284,141469,687896,1260107
"Shop555",544,95,39,410,85,12502,237361,33565,102459,101987,30747,143567,695753,1210980
"Shop556",532,89,39,404,96,14188,212213,32483,100991,115194,30338,141517,679407,1213624
"Shop557",601,107,40,454,105,13430,278540,30409,113540,125702,34040,158750,784820,1309307
"Shop558",476,83,34,359,99,11027,158761,23768,89689,119084,26918,125740,578755,1039984
"Shop559",517,93,38,386,56,13325,195532,28529,96410,67188,28988,135169,593670,1097785
"Shop560",619,115,44,460,161,17118,226706,31207,114962,193031,34485,160896,809612,1434765
"Shop561",492,92,36,364,108,10305,241705,22868,91028,129656,27327,127360,673117,1106768
"Shop562",474,82,32,360,88,13283,252522,27669,90098,105636,26981,126066,669924,887970
"Shop563",582,102,39,441,100,14571,168682,35188,110221,119855,33087,154497,671289,1411017
"Shop564",670,124,49,497,162,17166,255371,38434,124298,194640,37254,173859,879456,1505754
"Shop565",676,126,45,505,196,16173,295508,39342,126150,235075,37874,176772,966236,1384543
"Shop566",557,107,39,411,144,15022,152393,29439,102719,172772,30863,143847,676494,1367549
"Shop567",600,104,43,453,147,16676,271978,33622,113257,176538,33957,158623,838273,1517115
"Shop568",596,101,38,457,168,13133,234377,38384,114339,201878,34275,159918,834688,1232091
"Shop569",582,104,41,437,120,12824,253801,37650,109160,143723,32808,152879,780495,1209709
"Shop570",604,109,44,451,88,14776,170796,33540,112651,105626,33807,157721,662457,1543302
"Shop571",548,93,37,418,68,14761,239344,31399,104512,81331,31377,146439,680562,1214691
"Shop572",538,97,37,404,96,14893,240869,30234,100961,114988,30264,141255,703698,1133635
"Shop573",502,83,34,385,65,11327,224180,29587,96283,78047,28892,134836,632739,1309702
"Shop574",500,84,36,380,104,12193,243454,33205,94904,125092,28491,133112,703656,1034238
"Shop575",682,130,49,503,168,15760,226121,32828,125844,201580,37731,176094,848786,1438969
"Shop576",586,111,40,435,160,12814,237548,31346,108743,191827,32610,152159,798393,1381822
"Shop577",644,113,47,484,225,17385,297073,31898,120973,269943,36333,169270,974773,1600924
"Shop578",605,110,42,453,198,14992,264103,38337,113178,237696,33972,158614,899229,1217631
"Shop579",603,114,45,444,88,15309,217345,33197,110981,105562,33326,155325,704242,1196554
"Shop580",589,108,41,440,140,16034,226335,30439,110027,168221,32998,153996,768489,1146930
"Shop581",576,103,42,431,152,15826,177921,36660,107721,182587,32304,150724,740403,1193533
"Shop582",617,115,41,461,138,17061,222957,31833,115237,165756,34544,161324,780545,1490396
"Shop583",564,102,39,423,72,14380,290429,36312,105696,86631,31694,147969,749423,1371686
"Shop584",601,108,42,451,168,13413,272799,33040,112807,201514,33807,157931,858351,1461424
"Shop585",655,122,48,485,104,15639,227251,34776,121224,124984,36368,169698,764716,1335297
"Shop586",690,131,46,513,174,18617,309968,37282,128247,208538,38471,179668,958073,1592749
"Shop587",546,97,40,409,136,11972,180350,34092,102250,163469,30696,143032,699953,1056753
"Shop588",675,112,46,517,140,16623,342164,37554,129269,168250,38771,181072,951257,1719292
"Shop589",550,98,40,412,136,12550,192553,30541,102933,163216,30894,144236,707464,1140505
"Shop590",549,106,36,407,136,14182,165485,29514,101808,163487,30551,142407,676948,1028824
"Shop591",652,112,47,493,130,14828,237635,39471,123313,156071,36945,172540,820274,1553889
"Shop592",614,108,43,463,184,14112,252506,36774,115705,220703,34739,161928,873241,1379809
"Shop593",593,108,39,446,126,16232,183260,34411,111586,151266,33477,156163,720806,1454152
"Shop594",517,90,34,393,98,11470,202731,28233,98284,117646,29478,137521,653596,1375383
"Shop595",491,91,34,366,108,13728,242663,23505,91553,129633,27466,128241,680294,1066620
"Shop596",565,109,39,417,126,14666,167309,27249,104207,151253,31303,145828,669064,1150808
"Shop597",600,112,42,446,189,14412,177299,34721,111500,226992,33432,156098,789175,1532677
"Shop598",563,93,37,433,162,15238,240676,32493,108184,194580,32438,151673,807775,1144630
"Shop599",634,119,45,470,168,14138,275111,36631,117521,201609,35221,164496,881358,1467690
"Shop600",539,89,40,410,64,15247,250328,26458,102403,76722,30714,143480,671810,1266252
